id_paciente,nombre,telefono,email,doctor_preferido
99185535,Daniel César Castillo Rubio,+57 308 385 89 86,danielcésarcastillorubio@gmail.com,
1013331230,Sofía Amanda Oviedo,304 238 41 27,sofíaamandaoviedo@gmail.com,
2124668,Gloria Camila Martínez Marín,57 326 751 04 76,gloriacamilamartínezmarín@hotmail.com,
1115398396,Adela Jaimes Montenegro,412 56 95,adelajaimesmontenegro@yahoo.com,
1091200676,Nelsy Castro,+573142739972,nelsycastro@yahoo.com,
1026352689,Milena Amparo García Gómez,304 482 86 42,milenaamparogarcíagómez@gmail.com,
1061389235,Rafael Stiven Álvarez,+57 322 273 60 45,rafaelstivenálvarez@gmail.com,
1001809584,Danilo Carlos Medina,+57 601 382 03 75,danilocarlosmedina@gmail.com,
17189517,Yeison Castro,+57 303 722 66 48,yeisoncastro@gmail.com,
18722919,Felipe Mosquera,57 308 309 31 12,felipemosquera@hotmail.com,
1158598848,Wilmer Gutiérrez,(+57)3164378257,wilmergutiérrez@yahoo.com,
1262015,Ximena Fernández,601 582 83 63,ximenafernández@gmail.com,
1039192547,Shirley Elizabeth Barrera,+57 320 085 45 61,shirleyelizabethbarrera@gmail.com,
1225456675,Michel Parra,(+57)3101669134,michelparra@yahoo.com,
1039481862,Fernando José Ortiz Velásquez,+573105363715,fernandojoséortizvelásquez@gmail.com,
1159342811,Andrés Muñoz,310 872 62 11,andrésmuñoz@yahoo.com,
53096316,Diego Jesús Méndez,(+57)3155503398,diegojesúsméndez@hotmail.com,
86240891,Ruth Restrepo Rivera,(+57)6039729795,ruthrestreporivera@gmail.com,
1200606959,Luis Carlos Sánchez Acevedo,309 622 96 73,luiscarlossánchezacevedo@yahoo.com,
1207546085,Carlos Juan Rojas Melo,+57 316 913 85 26,carlosjuanrojasmelo@yahoo.com,
1159600558,Blanca Molano López,01 8000 039 539,blancamolanolópez@yahoo.com,
8110969,Edith Nancy Nieto Arrieta,3290268601,edithnancynietoarrieta@hotmail.com,
41721026,Camilo Zapata,+573031268116,camilozapata@yahoo.com,1169964632
1128999401,Catalina Patricia Gonzáles Molano,573042680446,catalinapatriciagonzálesmolano@gmail.com,
28384434,Cristian Díaz Santos,3294147506,cristiandíazsantos@yahoo.com,
74834224,Johan Estrada Mosquera,+576029075492,johanestradamosquera@gmail.com,6163877
1260122324,Andrés Humberto Camacho,+573092361420,andréshumbertocamacho@gmail.com,
4732112,Viviana Mosquera Cruz,576031543102,vivianamosqueracruz@gmail.com,
1014754872,Javier Gutiérrez,317 977 17 77,javiergutiérrez@hotmail.com,
5097198,Milena Velásquez Velandia,018007600025,milenavelásquezvelandia@yahoo.com,
73464950,Fabián Gaviria Monroy,3183339232,fabiángaviriamonroy@yahoo.com,
4531712,Cecilia Ortega,+573110075889,ceciliaortega@gmail.com,
1129110871,Nubia Marcela Mercado,+573131238409,nubiamarcelamercado@hotmail.com,
56119731,Claudia Molina Molina,57 308 728 92 60,claudiamolinamolina@gmail.com,
1137264633,Roberto Galvis,(+57)3263510404,robertogalvis@yahoo.com,
1177893341,Carlos Rivera,3182411500,carlosrivera@yahoo.com,
1084932424,Paola Martínez,573098586939,paolamartínez@gmail.com,
21268448,Rosalba Rodríguez,57 606 565 18 28,rosalbarodríguez@yahoo.com,6387599
1129145961,Jairo Gaviria Jiménez,322 933 97 42,jairogaviriajiménez@yahoo.com,
1110943673,Martha Rivera Reyes,(+57)3017140683,marthariverareyes@yahoo.com,
5477801,Leonardo Tulio Cruz Giraldo,(+57)6095006975,leonardotuliocruzgiraldo@gmail.com,
1238548886,Erika Lorena Arboleda,+57 608 573 86 46,erikalorenaarboleda@yahoo.com,
1204409334,Cristian Oviedo,+573294716597,cristianoviedo@yahoo.com,
59951853,Fabio Londoño López,(+57)6048849561,fabiolondoñolópez@yahoo.com,
16979211,Isabel Martínez Jaramillo,+573017610071,isabelmartínezjaramillo@hotmail.com,
1099620932,José Julio Mejía,+57 315 753 71 53,joséjuliomejía@yahoo.com,
1014628507,Alejandro Julio Ramírez,+57 323 801 08 50,alejandrojulioramírez@hotmail.com,
1064102880,Martha Ana Córdoba Angarita,308 521 28 12,marthaanacórdobaangarita@gmail.com,
1250634880,Consuelo Ramírez,3298790460,consueloramírez@hotmail.com,
1176296438,Irene Bohórquez Álvarez,3001738321,irenebohórquezálvarez@gmail.com,
1132057513,Aura Sonia Beltrán Bernal,6023858663,aurasoniabeltránbernal@gmail.com,
84386406,Martha Romero,(+57) 602 375 97 08,martharomero@hotmail.com,
1098648005,Andrés Junior González Castillo,+573084608146,andrésjuniorgonzálezcastillo@hotmail.com,
1050529377,María Medina,+573215698832,maríamedina@gmail.com,
1252997735,Alejandra Trujillo Orjuela,+573169070058,alejandratrujilloorjuela@hotmail.com,
1093931545,Martha Nieto,(+57) 327 900 45 57,marthanieto@yahoo.com,
1080707078,Javier Orozco Silva,+573168874682,javierorozcosilva@hotmail.com,
1121345494,Edwin Sergio López,427 57 20,edwinsergiolópez@yahoo.com,
5892986,Raúl Ortiz,311 354 04 22,raúlortiz@gmail.com,
8097605,Myriam Gómez,+57 310 963 98 36,myriamgómez@gmail.com,
1145814543,Alberto Rodríguez,(+57)3061131440,albertorodríguez@yahoo.com,
4024656,Edwar Enrique Arias,3185921921,edwarenriquearias@hotmail.com,
2822792,Liliana Toro,+57 319 688 97 74,lilianatoro@gmail.com,10555147
1151419263,Valentina Gil,329 915 12 83,valentinagil@yahoo.com,
1103634851,Jorge Mejía Cortés,303 933 38 07,jorgemejíacortés@hotmail.com,
1198475320,Wilson Lara Paz,+573188479109,wilsonlarapaz@hotmail.com,
1047736436,Enrique Pinto Silva,304 071 69 95,enriquepintosilva@yahoo.com,1138801343
8553825,Elías Jorge Caballero,+57 306 215 60 27,elíasjorgecaballero@gmail.com,
9149794,Yeny Mejía Rodríguez,57 310 870 24 74,yenymejíarodríguez@yahoo.com,
1099781789,Ruth Diana López Osorio,+57 304 344 36 44,ruthdianalópezosorio@hotmail.com,
1155829830,Luz Lozano Espinosa,+57 607 733 77 54,luzlozanoespinosa@gmail.com,
1186940238,Lizeth Luz Santos Serna,576032630534,lizethluzsantosserna@hotmail.com,
22719256,Carmen Bedoya Sierra,(+57)3173819047,carmenbedoyasierra@hotmail.com,25622171
1160562934,Paula Beltrán,57 301 018 93 59,paulabeltrán@gmail.com,
1079476955,Johana Bastidas Pérez,7915766,johanabastidaspérez@hotmail.com,
1106446488,Jorge Sanabria,+576016377432,jorgesanabria@gmail.com,
4527855,Elisa Barbosa,57 602 944 25 24,elisabarbosa@hotmail.com,
1048673025,David Ramírez,+57 309 239 94 59,davidramírez@gmail.com,
10394232,Patricia María Zambrano Quiroz,(+57)3225053321,patriciamaríazambranoquiroz@hotmail.com,
1158650232,Sara María Medina,605 808 73 12,saramaríamedina@hotmail.com,
1059460059,Gabriel Juan Jaimes,573278166132,gabrieljuanjaimes@yahoo.com,
1032063682,Alexander Daniel Palacios López,+573028605134,alexanderdanielpalacioslópez@yahoo.com,
1074429583,Inés María Villamil,+573230599206,inésmaríavillamil@gmail.com,
1109167493,Alejandro Adrián Aguirre,602 851 36 32,alejandroadriánaguirre@gmail.com,
47068051,Ricardo Esneider Aguilar,(+57) 300 871 54 38,ricardoesneideraguilar@yahoo.com,
1087834300,Danilo Fabián Álvarez Carrillo,01 8003 874 684,danilofabiánálvarezcarrillo@hotmail.com,
1236348537,Nora Nidia Rodríguez,57 315 498 05 15,noranidiarodríguez@hotmail.com,
1023869207,Paula Johana Blanco,57 323 973 74 23,paulajohanablanco@hotmail.com,
1082844229,María María Rendón,+573143658865,maríamaríarendón@gmail.com,1160248628
5918035,Felipe Jorge Granados,+57 314 667 09 39,felipejorgegranados@gmail.com,
1175339115,Carlos Gómez Osorio,(+57) 322 382 37 59,carlosgómezosorio@gmail.com,
1220543014,Javier Quintero Cifuentes,573136418081,javierquinterocifuentes@yahoo.com,
1072719103,William Fonseca Muñoz,573026118794,williamfonsecamuñoz@hotmail.com,
9071722,Alberto Polo Espitia,+57 304 897 07 33,albertopoloespitia@hotmail.com,1101079204
1052588907,Jorge Mateo Andrade,57 303 257 09 50,jorgemateoandrade@gmail.com,33399365
1201939311,Paola García Agudelo,(+57) 602 370 27 16,paolagarcíaagudelo@hotmail.com,
5201725,Johana Erika Suárez,+57 301 615 92 79,johanaerikasuárez@yahoo.com,
1043082909,Mauricio William Díaz,603 321 54 92,mauriciowilliamdíaz@gmail.com,
32341337,Juliana Jaimes,+57 305 917 31 97,julianajaimes@yahoo.com,
1240397924,John Rolando Cano,3280179886,johnrolandocano@gmail.com,
1109294085,Norbey Mario Valderrama,+573222138687,norbeymariovalderrama@gmail.com,
1257743843,Patricia Katherin Sarmiento,907 92 43,patriciakatherinsarmiento@gmail.com,
1101785839,Luis Barrera López,57 304 987 95 98,luisbarreralópez@hotmail.com,
1067413870,Nancy Julieth Espitia Arias,573001229543,nancyjuliethespitiaarias@yahoo.com,
1042348205,Danna Estela Flórez,573058433062,dannaestelaflórez@gmail.com,
9032899,Karina Valencia,+57 326 447 72 19,karinavalencia@yahoo.com,
1184479327,Fernando Alejandro Rentería,573121227441,fernandoalejandrorentería@hotmail.com,
1103043117,Jhon Padilla Guerra,639 42 93,jhonpadillaguerra@yahoo.com,
99920171,Liliana Tania Rodríguez Mosquera,576027620318,lilianataniarodríguezmosquera@gmail.com,
1160069953,Luz Pinto Ospina,(+57)3015081432,luzpintoospina@gmail.com,
1342979,Silvia Mosquera,2555821,silviamosquera@gmail.com,
1198407219,Lucy Castillo González,57 603 915 30 11,lucycastillogonzález@gmail.com,
18063066,Blanca Angélica Villa,+573225891880,blancaangélicavilla@gmail.com,
1123248862,Carlos Flórez,3161518751,carlosflórez@hotmail.com,
1173214199,Jhon Carvajal,57 310 470 68 41,jhoncarvajal@hotmail.com,
55496477,Gabriel Aguirre,+576039794990,gabrielaguirre@hotmail.com,
17362345,Milena Mercado Gil,1949763,milenamercadogil@yahoo.com,
16752707,Deisy Palacios,(+57)3252463914,deisypalacios@hotmail.com,9301413
1168705453,Silvia Yolanda Gaviria,018006371817,silviayolandagaviria@gmail.com,
1093247979,Gloria Fernanda Romero,573199062063,gloriafernandaromero@yahoo.com,
66603641,María Córdoba Pinto,57 604 749 32 91,maríacórdobapinto@yahoo.com,
1122475902,Luz Claudia Ramírez,57 304 454 91 00,luzclaudiaramírez@hotmail.com,
7888199,Isabel Liliana Sánchez,(+57) 309 985 78 42,isabellilianasánchez@yahoo.com,
7269568,Ruth Patricia Vargas Rojas,(+57) 603 512 83 55,ruthpatriciavargasrojas@yahoo.com,
1191328955,Sofía María Bedoya Flórez,6044719235,sofíamaríabedoyaflórez@gmail.com,
1161690742,Rubén Eider Pabón,(+57)3102296173,rubéneiderpabón@hotmail.com,
1080251436,Jhon Muñoz Figueroa,(+57)3135843316,jhonmuñozfigueroa@yahoo.com,
4100053,Lorena Ana López Aguirre,01 8002 840 340,lorenaanalópezaguirre@gmail.com,
1225551424,Rodrigo Jesús Díaz,307 833 12 64,rodrigojesúsdíaz@gmail.com,
1047570893,Julieth Andrea Molina Caicedo,(+57) 324 453 96 16,juliethandreamolinacaicedo@yahoo.com,
1229986174,Karen Marcela Angulo Padilla,+57 318 731 95 89,karenmarcelaangulopadilla@hotmail.com,
1148182711,Jorge Ferney Serna,573165946538,jorgeferneyserna@yahoo.com,
1201990952,Juan Alirio Figueroa,(+57)3039892144,juanaliriofigueroa@yahoo.com,
1060998821,Emiro García,576059268804,emirogarcía@hotmail.com,
67862729,Paula Elizabeth Fuentes Gutiérrez,3015818785,paulaelizabethfuentesgutiérrez@hotmail.com,
2312068,Alejandra Margoth Rodríguez,+57 317 640 54 15,alejandramargothrodríguez@hotmail.com,
1094661666,Carlos Rodríguez Ramírez,(+57)3270753745,carlosrodríguezramírez@hotmail.com,
1094498225,Jair Alonso Rodríguez,57 307 084 35 07,jairalonsorodríguez@yahoo.com,
5277205,Roberto Fernando Ortiz Ortiz,(+57)3135974733,robertofernandoortizortiz@gmail.com,
42798282,Wendy María López Mora,57 314 124 32 43,wendymaríalópezmora@yahoo.com,
9729508,Cecilia Claudia Hernández,57 604 434 60 98,ceciliaclaudiahernández@gmail.com,1046461485
1167019789,Camila Yenny Silva,183 51 78,camilayennysilva@yahoo.com,
1109676170,Henry Valencia García,01 8000 212 666,henryvalenciagarcía@gmail.com,
4751142,Marco Manuel Patiño Álvarez,691 01 37,marcomanuelpatiñoálvarez@hotmail.com,
99848519,Rafael Daniel Fernández,4952019,rafaeldanielfernández@hotmail.com,
1246151600,María Nohora Bolívar López,6035412208,maríanohorabolívarlópez@gmail.com,
1101999031,Horacio José Ramírez Díaz,(+57)3166753878,horaciojoséramírezdíaz@yahoo.com,
31804220,Luis Jesús Tovar Luna,576048115881,luisjesústovarluna@gmail.com,
8305234,Fabián Jorge Correa,+576082800756,fabiánjorgecorrea@yahoo.com,
1018645730,Jesús López Mosquera,57 312 335 40 16,jesúslópezmosquera@gmail.com,
1682185,Diana Gutiérrez Gil,306 893 89 65,dianagutiérrezgil@gmail.com,
1156144515,Diana María Ávila,(+57) 303 643 51 65,dianamaríaávila@gmail.com,
9771163,Deisy Cristina Buitrago Miranda,+573002667514,deisycristinabuitragomiranda@hotmail.com,
99887600,María Tovar,932 90 83,maríatovar@gmail.com,
1141990307,Ruby Quiroga Torres,(+57)3095650544,rubyquirogatorres@yahoo.com,
1083578457,Marcela Álvarez Manrique,329 034 58 73,marcelaálvarezmanrique@gmail.com,
1129590151,Yadira Raquel Ocampo Arévalo,(+57) 603 837 82 78,yadiraraquelocampoarévalo@yahoo.com,
7451129,Andrés Orjuela Fuentes,328 973 55 34,andrésorjuelafuentes@yahoo.com,
1178738047,Dolly Melissa Ávila,57 324 600 36 57,dollymelissaávila@hotmail.com,
1074559020,Leonardo César Molina Guzmán,(+57) 317 750 45 24,leonardocésarmolinaguzmán@yahoo.com,
45750703,Emilio Ruiz Hoyos,576098203626,emilioruizhoyos@gmail.com,
1040111640,María Isabel Morales Suárez,+573043595444,maríaisabelmoralessuárez@gmail.com,
1114092835,Alejandra Ramírez García,573182115015,alejandraramírezgarcía@gmail.com,
21271566,María Virginia Rivera,(+57) 320 752 18 37,maríavirginiarivera@gmail.com,
1081981681,Yuliana Lidia Anaya Barrios,57 324 716 84 34,yulianalidiaanayabarrios@hotmail.com,
1165947399,Mario Anderson Gallego Díaz,576098320746,marioandersongallegodíaz@gmail.com,
1029725309,Andrés Arango,(+57) 609 959 29 70,andrésarango@yahoo.com,
1049809079,Sergio Daniel Durán,(+57) 606 264 18 11,sergiodanieldurán@hotmail.com,
1147896167,Rosa Betty Méndez Rodríguez,(+57) 306 871 05 11,rosabettyméndezrodríguez@yahoo.com,
1153637236,Alejandra Sierra Alzate,57 311 217 65 21,alejandrasierraalzate@hotmail.com,
1151392035,Patricia Paola Galeano Díaz,+573098437000,patriciapaolagaleanodíaz@gmail.com,
1896310,Andrés Ruiz,573098233878,andrésruiz@hotmail.com,
1000653627,Adriana Angie Rodríguez Rosero,+573148899553,adrianaangierodríguezrosero@hotmail.com,
79165751,Dario Cuesta,57 602 124 92 58,dariocuesta@hotmail.com,
1176642109,Jesús Christian Guerra Soto,601 156 99 92,jesúschristianguerrasoto@yahoo.com,
1203708490,Yenny Hernández,573245643040,yennyhernández@hotmail.com,7592214
4017503,Juan Suárez,(+57) 328 631 00 15,juansuárez@yahoo.com,
3587675,Michael Fernando Jiménez,57 608 115 53 05,michaelfernandojiménez@hotmail.com,
1231137437,Rocío Anaya Londoño,57 312 451 33 15,rocíoanayalondoño@hotmail.com,6387599
1048547121,Carlos Andrés Camacho Bernal,(+57)3072737834,carlosandréscamachobernal@hotmail.com,
95662443,Fanny Lucía Castro,(+57) 327 144 63 22,fannylucíacastro@gmail.com,
4369415,Jessica Karina Rincón Villa,+573025380110,jessicakarinarincónvilla@gmail.com,
1041159048,Daniela Diana Delgado,+573077736253,danieladianadelgado@hotmail.com,
1014142241,Inés Aguilar Ruiz,57 315 529 86 03,inésaguilarruiz@hotmail.com,8055885
38577579,Jorge John Beltrán Parra,018008683183,jorgejohnbeltránparra@yahoo.com,
1221942119,David Ronald Sanabria,3022866503,davidronaldsanabria@yahoo.com,
1169586453,Inés Romero,573072667617,inésromero@gmail.com,1102735053
16759510,Jesús Rodríguez Roa,(+57)3215349424,jesúsrodríguezroa@hotmail.com,
37892610,Esteban García Vega,(+57) 329 029 06 89,estebangarcíavega@yahoo.com,
1002255656,Mario Fernando Mercado Díaz,(+57)3208675097,mariofernandomercadodíaz@gmail.com,
5852753,Blanca Valentina Montoya,+57 326 178 50 72,blancavalentinamontoya@hotmail.com,
1152077890,Guillermo González,6086834827,guillermogonzález@yahoo.com,
1063758890,Carlos Anderson Restrepo Gutiérrez,329 348 38 59,carlosandersonrestrepogutiérrez@hotmail.com,
4499141,Paola Luz Pérez,57 301 494 97 97,paolaluzpérez@gmail.com,
1031758481,Armando Santiago Vallejo Molina,(+57)6099916654,armandosantiagovallejomolina@yahoo.com,
3414654,Nelson Fernando Orjuela León,576056947460,nelsonfernandoorjuelaleón@yahoo.com,
1029253044,Antonio Manuel Velásquez Castillo,303 794 01 84,antoniomanuelvelásquezcastillo@hotmail.com,
1006605429,Alejandra Becerra García,573212505427,alejandrabecerragarcía@gmail.com,
1137633201,Nancy Duarte Benavides,(+57) 605 958 25 44,nancyduartebenavides@gmail.com,
1033361041,Eduard Calderón Rendón,+57 328 559 19 49,eduardcalderónrendón@yahoo.com,
1141698504,Johanna Rentería,01 8008 476 061,johannarentería@yahoo.com,1149462327
6873959,Alberto Blanco Giraldo,3345607,albertoblancogiraldo@gmail.com,
11389824,José Buitrago Muñoz,328 858 33 03,josébuitragomuñoz@gmail.com,
1157090940,Gilberto Andrés Benítez,(+57) 318 468 08 29,gilbertoandrésbenítez@yahoo.com,
6733882,Eugenia Gutiérrez Gómez,6063042693,eugeniagutiérrezgómez@hotmail.com,
1015910478,Edisson Mora,+573162841838,edissonmora@gmail.com,1138608970
1155967961,José Iván Martínez Álvarez,57 325 688 57 50,joséivánmartínezálvarez@hotmail.com,
7502048,Emiro Stiven Mora Díaz,312 900 47 82,emirostivenmoradíaz@yahoo.com,
1295225520,María Paola Fuentes Riascos,3149186549,maríapaolafuentesriascos@gmail.com,
72894437,Víctor Gómez García,+573157762293,víctorgómezgarcía@gmail.com,
1132088707,Elena Salamanca Córdoba,+573290770726,elenasalamancacórdoba@yahoo.com,
9607570,Candelaria Rosa Muñoz Portilla,01 8004 482 729,candelariarosamuñozportilla@gmail.com,1046461485
36142180,Astrid Romero,+573209259133,astridromero@gmail.com,
1002029993,Pedro Jhonny Hernández Ochoa,3192662645,pedrojhonnyhernándezochoa@gmail.com,
1226756086,Marcela Patricia Rodríguez Herrera,+576028226250,marcelapatriciarodríguezherrera@hotmail.com,
1099746197,Néstor Aguirre Escobar,606 875 63 30,néstoraguirreescobar@hotmail.com,
1295118386,Alberto López Quintero,7801065,albertolópezquintero@gmail.com,
1171441391,Lilia Paola Hoyos,+57 609 163 98 63,liliapaolahoyos@gmail.com,
47574021,Andrés Edgar Montoya,3206283846,andrésedgarmontoya@yahoo.com,
1105709785,David Mario López Castellanos,+573299070714,davidmariolópezcastellanos@yahoo.com,
1113087663,Nelson Juan Rodríguez,018003674502,nelsonjuanrodríguez@yahoo.com,
1186974435,Carlos Hernán Ortiz,6014809181,carloshernánortiz@hotmail.com,
41868156,Luz Norma Palacio,573090384683,luznormapalacio@yahoo.com,
50091385,Leider Wilson Pérez,573211890281,leiderwilsonpérez@gmail.com,1164095898
77073726,Beatriz Erika Salcedo Polo,3226488498,beatrizerikasalcedopolo@gmail.com,1051334214
1043115085,Nelly Carmen Hernández,604 737 54 96,nellycarmenhernández@hotmail.com,
1275081817,Fredy Ospina Quintero,57 322 996 55 15,fredyospinaquintero@hotmail.com,13710205
1267893814,Carolina Durán,3164926234,carolinadurán@yahoo.com,
7063152,Jhonatan Soto Cantillo,01 8009 077 263,jhonatansotocantillo@hotmail.com,
1028529436,Gloria Janeth Correa Agudelo,(+57) 317 673 03 93,gloriajanethcorreaagudelo@yahoo.com,
1240662615,Inés María Parra,+57 300 017 95 45,inésmaríaparra@yahoo.com,
1180565514,Teresa Diana García,+576031113542,teresadianagarcía@gmail.com,
1129579525,Lorena Inés Murillo,(+57) 603 578 26 72,lorenainésmurillo@gmail.com,
51677225,Patricia Marcela Mejía Tovar,+57 310 372 79 81,patriciamarcelamejíatovar@yahoo.com,
1269344258,María Alfonso Rubio,325 021 30 67,maríaalfonsorubio@gmail.com,
41780086,Karol García,206 47 00,karolgarcía@hotmail.com,
1032107235,Dairo Guerrero Ruiz,+576059265447,dairoguerreroruiz@gmail.com,
4266132,Andrés Manrique Villa,(+57) 322 290 99 48,andrésmanriquevilla@yahoo.com,1060889055
1063955393,Luz Yamile López Rojas,576093297369,luzyamilelópezrojas@gmail.com,
7845180,Luis Tovar Blanco,609 146 73 29,luistovarblanco@hotmail.com,
1080655425,Isabel López Ceballos,326 947 07 67,isabellópezceballos@yahoo.com,
1200715444,Diana Valencia Cardozo,(+57) 302 740 45 72,dianavalenciacardozo@gmail.com,
1136845125,Hilda Bustamante,427 98 19,hildabustamante@yahoo.com,
10677536,Lizeth Castro,(+57)3106236823,lizethcastro@gmail.com,35941125
80585616,Alberto Páez Salazar,573223010102,albertopáezsalazar@hotmail.com,
1155574229,Lina Díaz,(+57)3084927479,linadíaz@hotmail.com,
1185193215,Luz Lucila Bolívar,01 8001 798 630,luzlucilabolívar@yahoo.com,1096701454
4726530,Patricia Díaz Mendoza,+573086715510,patriciadíazmendoza@gmail.com,
1079139714,Yineth Vargas,01 8007 334 600,yinethvargas@hotmail.com,
1184253889,Omaira Guzmán Guzmán,57 325 382 15 03,omairaguzmánguzmán@hotmail.com,
1097580376,Marcela Gloria Ortiz,316 809 64 60,marcelagloriaortiz@hotmail.com,
51192471,Santiago Torres,(+57) 326 832 57 15,santiagotorres@gmail.com,1016277948
1025393092,Maira Amanda Duque Mesa,+57 329 374 80 32,mairaamandaduquemesa@hotmail.com,
1200830733,Alexander Adolfo Galvis,573122967710,alexanderadolfogalvis@hotmail.com,
1001295218,Lucy Escobar Benítez,(+57)3144218581,lucyescobarbenítez@yahoo.com,
2151629,Carolina Giraldo,+57 311 207 96 62,carolinagiraldo@gmail.com,
1136701602,Fernando Carlos Rivera Ortiz,018002150375,fernandocarlosriveraortiz@yahoo.com,
1033782771,Sebastián Alexander Córdoba,+573087776056,sebastiánalexandercórdoba@yahoo.com,
7771460,María Castaño,3078607411,maríacastaño@gmail.com,
1134066744,Eva Rincón,57 302 712 08 23,evarincón@gmail.com,
1108922365,Cristian Molina Giraldo,+573165609824,cristianmolinagiraldo@gmail.com,
1154165817,Alfonso Bolívar Londoño,3119478228,alfonsobolívarlondoño@yahoo.com,
3365111,Daniela Margarita López Flórez,57 302 060 50 29,danielamargaritalópezflórez@hotmail.com,
1001367622,Rodolfo Carlos Hoyos,(+57)3129325072,rodolfocarloshoyos@gmail.com,
1128486756,Miguel Ricardo Silva Medina,317 755 45 77,miguelricardosilvamedina@gmail.com,
8924478,Antonio Sandoval Molina,(+57)6093764384,antoniosandovalmolina@gmail.com,
1277147835,Sergio Antonio Palacio,018005365172,sergioantoniopalacio@hotmail.com,33399365
1231664257,Adrián Sebastián Díaz,(+57) 304 788 78 12,adriánsebastiándíaz@hotmail.com,
1221299935,Rocío Nancy Gallego,01 8002 362 760,rocíonancygallego@hotmail.com,
62829883,Wilson Ariel Cortés,(+57) 607 904 65 72,wilsonarielcortés@hotmail.com,
62357435,Gloria Ospina,+57 329 335 27 31,gloriaospina@gmail.com,
1010948117,Carlos Fernando Rincón,317 912 85 35,carlosfernandorincón@yahoo.com,
1217533165,Andrés Jhoan Arango,018008805356,andrésjhoanarango@yahoo.com,
1041095931,Mario Jaime Salazar,318 890 68 59,mariojaimesalazar@hotmail.com,
1208932532,Aldair Edinson Molina Henao,(+57) 312 740 38 61,aldairedinsonmolinahenao@gmail.com,
1012258650,Alejandro Felipe Acosta,(+57)3223220467,alejandrofelipeacosta@hotmail.com,
25407200,María Calderón,57 311 717 52 60,maríacalderón@hotmail.com,
56615279,Jhon Murillo Muñoz,3011301950,jhonmurillomuñoz@gmail.com,
39498208,Stella Narváez Roa,316 738 67 17,stellanarváezroa@gmail.com,
1076626701,Patricia Castañeda,57 301 584 10 99,patriciacastañeda@hotmail.com,
75298477,Edgar Marín Escobar,57 309 775 24 17,edgarmarínescobar@hotmail.com,
1149329853,José Aguirre,3292197132,joséaguirre@gmail.com,
19736678,Beatriz Lina Gamboa Correa,+576071137380,beatrizlinagamboacorrea@gmail.com,
1002530980,Jaime Richard Cifuentes Daza,+57 603 327 23 23,jaimerichardcifuentesdaza@gmail.com,
1037072199,Daniela Luz Arias,(+57)3058305664,danielaluzarias@hotmail.com,1019702311
41847900,Martha Jaramillo,+573223188721,marthajaramillo@yahoo.com,
16904884,Bertha Rueda Morales,573239231330,bertharuedamorales@gmail.com,
6870099,Santiago Vargas,(+57) 601 819 27 26,santiagovargas@yahoo.com,
1252168198,Laura Gómez Fonseca,(+57) 607 385 51 36,lauragómezfonseca@gmail.com,
65861024,Gabriela Elena Restrepo Morales,(+57)6029137793,gabrielaelenarestrepomorales@hotmail.com,
1158675774,Enrique Yeferson Arias,576035569371,enriqueyefersonarias@gmail.com,
1002774261,Álvaro Alfredo Velásquez,312 018 22 71,álvaroalfredovelásquez@hotmail.com,
1153960304,Fernando Darío Romero Moreno,+57 321 914 93 53,fernandodaríoromeromoreno@hotmail.com,
9637379,Elena Pardo Pineda,(+57)3143709077,elenapardopineda@yahoo.com,
1000828453,Jesús Leal,018003279731,jesúsleal@gmail.com,
1184792313,Marina Magdalena Córdoba,+576042763284,marinamagdalenacórdoba@yahoo.com,
72875551,Margarita Suárez Ruiz,3088542435,margaritasuárezruiz@gmail.com,
1253269269,Adriana Puentes,018005058492,adrianapuentes@gmail.com,
37526099,Esteban Muñoz,018008911446,estebanmuñoz@gmail.com,
7979491,Fernando Germán Delgado Montenegro,603 615 24 18,fernandogermándelgadomontenegro@hotmail.com,
1273087162,Carlos Alexander Luna,+573196863298,carlosalexanderluna@hotmail.com,
44933678,René Sierra,576017716162,renésierra@hotmail.com,
36795350,Luis Posada,+57 603 283 39 80,luisposada@yahoo.com,
1059327805,Nelson Javier Posada Montenegro,+57 320 313 61 23,nelsonjavierposadamontenegro@gmail.com,
7696587,Teresa María Santos Pérez,604 915 20 88,teresamaríasantospérez@yahoo.com,1046461485
14818490,Patricia Lizeth López,576053124090,patricializethlópez@gmail.com,
9984710,Ángela Lilian Pineda Pérez,573119684753,ángelalilianpinedapérez@yahoo.com,
1257282406,Jhoana Amparo Barbosa Patiño,01 8003 687 465,jhoanaamparobarbosapatiño@yahoo.com,
1192522575,Viviana Valencia,607 620 79 22,vivianavalencia@gmail.com,
1128389816,Miguel Andrade,2415760,miguelandrade@gmail.com,
8228876,Dany Isaac Sarmiento Ariza,573206708345,danyisaacsarmientoariza@yahoo.com,
1187709558,Amparo Hernández,6023824655,amparohernández@hotmail.com,
1077906643,Mónica Karen Arias,(+57)6028724976,mónicakarenarias@hotmail.com,
88885170,Carmen Liliana Acevedo Chávez,(+57)6015743682,carmenlilianaacevedochávez@hotmail.com,
1119225190,Mauricio Aldemar Cerón Gaviria,57 321 249 89 29,mauricioaldemarceróngaviria@gmail.com,
73756094,María Lucía Ariza,(+57)3266295792,maríalucíaariza@gmail.com,
1136439512,Teresa Camargo,57 606 667 10 93,teresacamargo@yahoo.com,
1021588796,Angie Ana Muñoz,(+57)3138198574,angieanamuñoz@yahoo.com,
41829034,Valentina Mosquera Olaya,573276053830,valentinamosqueraolaya@hotmail.com,1149322864
1151110827,Lorena Guzmán Ramírez,+576018536270,lorenaguzmánramírez@gmail.com,
8761922,Eduardo Hernando Rojas Barbosa,57 305 284 85 76,eduardohernandorojasbarbosa@hotmail.com,86065508
41750623,Magda Eugenia Benítez,1447076,magdaeugeniabenítez@yahoo.com,1149322864
1208588920,Jhon Torres Jiménez,6098278701,jhontorresjiménez@gmail.com,
96001149,José López,263 14 23,josélópez@gmail.com,1096701454
47741774,Jimena Cecilia Fonseca,57 603 471 18 18,jimenaceciliafonseca@gmail.com,
1251617,Víctor Guerra Fernández,(+57)3286932062,víctorguerrafernández@yahoo.com,
1031918636,Lorena Hernández Trujillo,(+57)3245863259,lorenahernándeztrujillo@hotmail.com,
8619674,Edgar Salazar Correa,57 300 014 43 57,edgarsalazarcorrea@gmail.com,
5933327,Víctor Leonardo Prieto,304 098 93 26,víctorleonardoprieto@yahoo.com,
1238583722,Alirio Chávez Muñoz,(+57)3093989193,aliriochávezmuñoz@gmail.com,
1029197386,Yaneth Fernanda Ramírez,573137742137,yanethfernandaramírez@yahoo.com,
1279133756,María Laura Agudelo,573053708254,maríalauraagudelo@hotmail.com,
1120150922,Antonio Andrés Betancur Medina,+57 303 855 62 21,antonioandrésbetancurmedina@hotmail.com,
1004756653,Johana Pérez,(+57)6086713919,johanapérez@gmail.com,
1124823002,Enrique López,320 390 73 16,enriquelópez@yahoo.com,
1208853664,Maritza Cecilia Morales,609 137 58 18,maritzaceciliamorales@yahoo.com,
1136625801,Liliana Vargas Rodríguez,57 306 477 28 81,lilianavargasrodríguez@yahoo.com,
5007794,Diego Pablo Ramos,+57 323 193 31 24,diegopabloramos@gmail.com,
1093096287,Jairo Espitia,573225984139,jairoespitia@gmail.com,
1182210540,Marcela Antonia Acosta Moreno,324 152 46 05,marcelaantoniaacostamoreno@gmail.com,1005609955
4431977,Cristina Dora Álvarez Peña,+57 607 249 19 53,cristinadoraálvarezpeña@yahoo.com,
1262366737,Luis Montenegro,603 519 56 49,luismontenegro@gmail.com,
1137545364,José Rodríguez Hurtado,(+57) 323 189 51 18,josérodríguezhurtado@hotmail.com,
6691436,Arley Pacheco Yepes,576049313371,arleypachecoyepes@yahoo.com,1101079204
1010774033,María Dora Melo Herrera,3131153261,maríadorameloherrera@gmail.com,
4888997,Emilce Arango,607 249 69 41,emilcearango@hotmail.com,
1096464527,Eliecer Camilo Beltrán,573033973832,eliecercamilobeltrán@hotmail.com,
1162798464,Claudia Rodríguez,305 924 32 10,claudiarodríguez@yahoo.com,
42615988,Ricardo Gómez Durán,+57 604 907 37 93,ricardogómezdurán@hotmail.com,
1064125881,María Angélica Rodríguez,57 603 631 49 76,maríaangélicarodríguez@yahoo.com,
1101017397,Eduardo Osorio,323 517 03 95,eduardoosorio@yahoo.com,
1198589513,Rosalba Martha Gil Rojas,3063717220,rosalbamarthagilrojas@gmail.com,
1149313602,Maicol Rodolfo Montoya,6082182714,maicolrodolfomontoya@gmail.com,
1135241044,Cristina Kelly Gómez Soto,018008351137,cristinakellygómezsoto@hotmail.com,
1122737804,Leidy Palacios Calderón,3241597802,leidypalacioscalderón@yahoo.com,
1023940881,Valentina Serrano,301 343 82 27,valentinaserrano@hotmail.com,
1142720445,Blanca Rosa Muñoz Barreto,(+57)3126192921,blancarosamuñozbarreto@hotmail.com,
1023856189,Catherine Castillo Velasco,(+57) 305 078 07 81,catherinecastillovelasco@hotmail.com,
1381113,Judith María Castro Castro,+57 321 094 92 99,judithmaríacastrocastro@yahoo.com,1166453049
1074242236,Hernán Herrera,+57 316 631 28 69,hernánherrera@gmail.com,
5154325,Jesús Suárez,(+57)3093728577,jesússuárez@yahoo.com,
1284872931,Yeison Mario Guzmán Gutiérrez,311 443 24 12,yeisonmarioguzmángutiérrez@hotmail.com,
1044525514,Rosa Rincón Triana,(+57) 301 397 55 10,rosarincóntriana@hotmail.com,
6073686,Luisa Estela Aguilar,325 419 46 91,luisaestelaaguilar@hotmail.com,
1103031994,Jairo Iván Herrera,(+57) 328 927 21 74,jairoivánherrera@yahoo.com,9301413
7524434,Rocío Niño Rodríguez,573258325338,rocíoniñorodríguez@yahoo.com,
79692356,Andrea Luz Cerón González,573016613899,andrealuzceróngonzález@hotmail.com,
1251083828,Cristian Víctor Rojas,573131471426,cristianvíctorrojas@yahoo.com,
1090518905,Felipe Marín,+57 329 478 17 37,felipemarín@gmail.com,
1015090987,Andrea Figueroa,573171576167,andreafigueroa@gmail.com,
1222898308,José Willian Beltrán Mendoza,(+57) 606 848 55 17,joséwillianbeltránmendoza@hotmail.com,
1109639222,Edgar Juan Sánchez,315 836 73 99,edgarjuansánchez@yahoo.com,
1266741859,Margoth Ochoa Rodríguez,3145312894,margothochoarodríguez@gmail.com,
1142987749,Marcela Jaramillo Mora,318 665 53 19,marcelajaramillomora@yahoo.com,
79011637,Liliana Miryam Vásquez,107 64 41,lilianamiryamvásquez@yahoo.com,
1111466732,Mayerly Ruth Alzate,3145267362,mayerlyruthalzate@hotmail.com,
1147476333,Rocío Jenny Castañeda Guzmán,324 591 29 62,rocíojennycastañedaguzmán@hotmail.com,
45716596,Jhon Gómez,606 911 38 93,jhongómez@gmail.com,
1064825661,Luz Erika Fernández,573283342609,luzerikafernández@gmail.com,
1150245304,Sandra Rincón,328 041 97 79,sandrarincón@gmail.com,
1114138935,Andrés José Ortega Pabón,+573270678979,andrésjoséortegapabón@yahoo.com,
91186669,Adriana Carvajal Sanabria,570 28 43,adrianacarvajalsanabria@yahoo.com,1047321069
1153314029,José Fernando Ochoa Martínez,(+57) 327 100 38 73,joséfernandoochoamartínez@gmail.com,
1082417671,Lina Vanessa Gómez Arboleda,(+57) 305 187 21 05,linavanessagómezarboleda@yahoo.com,
2538358,Alicia Rivera,+573138775874,aliciarivera@hotmail.com,
1067532388,Héctor Omar Delgado,(+57)3103985346,héctoromardelgado@yahoo.com,
1189205604,Liseth Navarro,+573052384581,lisethnavarro@hotmail.com,
1073783105,Leidy Dolly Romero,57 311 579 52 75,leidydollyromero@gmail.com,
1006305030,Andrey Gonzalo López Cardona,573257785363,andreygonzalolópezcardona@yahoo.com,
8300015,Saúl Martínez,303 000 58 97,saúlmartínez@gmail.com,
1093247036,Patricia Johana Herrera Hurtado,573135018212,patriciajohanaherrerahurtado@yahoo.com,
1233299294,Horacio Sandoval,478 30 77,horaciosandoval@gmail.com,1286919251
1171402574,Flor Díaz Hoyos,(+57) 609 263 20 06,flordíazhoyos@yahoo.com,
59243577,Herney Ricardo Suárez,318 209 91 23,herneyricardosuárez@gmail.com,
5873088,Andrea Orjuela Guerra,+573085276645,andreaorjuelaguerra@hotmail.com,
1055470971,Esther Patricia Rueda,6072665944,estherpatriciarueda@hotmail.com,
68505705,Gabriel Alirio Cano García,018006118115,gabrielaliriocanogarcía@yahoo.com,
1107037342,Lucía Jaramillo,6021838255,lucíajaramillo@yahoo.com,
3265456,Eduard Castro Galindo,+573182246574,eduardcastrogalindo@yahoo.com,
4201686,David William Becerra Martínez,573041488738,davidwilliambecerramartínez@gmail.com,
1013920290,María Ana Vargas Castillo,(+57)3016948914,maríaanavargascastillo@yahoo.com,4338529
1174420841,Carmen Patricia Gutiérrez Castillo,+573126441390,carmenpatriciagutiérrezcastillo@hotmail.com,
51762530,María María Ramírez Espinosa,(+57)3008499607,maríamaríaramírezespinosa@hotmail.com,
1027270104,Rosa Mora Franco,+57 319 590 29 09,rosamorafranco@hotmail.com,
9241697,Andrea Muñoz,57 606 544 14 61,andreamuñoz@gmail.com,
1158850579,Alix Vélez Serrano,+57 606 810 21 35,alixvélezserrano@yahoo.com,
1115604490,Maritza Barreto,573037237809,maritzabarreto@hotmail.com,
1055425035,Cecilia Ríos Torres,57 303 094 06 28,ceciliaríostorres@hotmail.com,
1084629188,Liliana Carrillo Murillo,5936086,lilianacarrillomurillo@gmail.com,
2181848,Manuel Elvis Franco,3046648966,manuelelvisfranco@yahoo.com,
1268841156,Antonio Alfonso Rivera Cifuentes,573011716063,antonioalfonsoriveracifuentes@gmail.com,
1226012963,Joan David Gómez Martínez,01 8005 416 362,joandavidgómezmartínez@gmail.com,
7157697,Daniela Cantillo,018008150332,danielacantillo@hotmail.com,
46705590,Blanca Cruz Agudelo,57 321 300 95 95,blancacruzagudelo@yahoo.com,1079204548
1110133976,Flor Arboleda,+573250647408,florarboleda@gmail.com,
1236340451,Elías William Rojas,573000924919,elíaswilliamrojas@gmail.com,
1080557614,Mario José Martínez Leal,2044197,mariojosémartínezleal@gmail.com,
1283133569,Danilo Meneses Rosero,5658352,danilomenesesrosero@gmail.com,
90201003,Esteban Juan Miranda,(+57)6091992386,estebanjuanmiranda@yahoo.com,1146024154
1050219565,René Londoño Velásquez,2433503,renélondoñovelásquez@hotmail.com,
1267294,Catalina Astrid Ardila,193 79 56,catalinaastridardila@hotmail.com,
1003787204,Luis Edwin Vega,323 616 79 13,luisedwinvega@yahoo.com,
52120076,Wilmer Víctor Rojas,573267235952,wilmervíctorrojas@gmail.com,
1233152173,Camilo Ruiz Hernández,+57 320 226 45 65,camiloruizhernández@yahoo.com,
1278504903,John Delgado,57 606 274 03 97,johndelgado@hotmail.com,
1295097406,Carolina Melba Pérez,304 987 72 84,carolinamelbapérez@hotmail.com,
1138018029,Nubia Gladys Giraldo Castro,606 157 33 98,nubiagladysgiraldocastro@yahoo.com,
7422636,Janeth Mary Rodríguez,(+57)3136231087,janethmaryrodríguez@hotmail.com,
1203973845,Edith Rodríguez Díaz,(+57) 305 604 65 30,edithrodríguezdíaz@yahoo.com,
4265602,Paula Ana Fernández,129 02 18,paulaanafernández@gmail.com,1208735993
1093274684,Mónica Leidy Torres Daza,(+57)6099444771,mónicaleidytorresdaza@gmail.com,
1024231924,Alonso Carlos Meza Moreno,57 325 083 37 22,alonsocarlosmezamoreno@gmail.com,
1112059856,Jaime Santiago Sepúlveda,57 325 516 40 77,jaimesantiagosepúlveda@hotmail.com,
1147332294,Lady Valencia Jaimes,306 567 34 84,ladyvalenciajaimes@gmail.com,
1018010554,Daniel Julio González,+576072587333,danieljuliogonzález@yahoo.com,
13103427,Eugenia Ana Calderón Forero,57 310 030 68 89,eugeniaanacalderónforero@yahoo.com,
1166699053,Daniel García,(+57)3131836368,danielgarcía@hotmail.com,10555147
1194655020,José Domínguez,+57 303 583 43 52,josédomínguez@yahoo.com,
7301763,Nidia Villamizar,312 075 21 99,nidiavillamizar@hotmail.com,
1089350390,Fernando Carlos Alzate,306 906 10 93,fernandocarlosalzate@yahoo.com,
28345917,Alfonso Sergio Díaz Castro,(+57)6042064336,alfonsosergiodíazcastro@hotmail.com,
1082819289,Liseth Patricia Vargas Núñez,(+57)3159344443,lisethpatriciavargasnúñez@gmail.com,
1251709751,Yamile García,57 606 324 93 98,yamilegarcía@yahoo.com,
1269321074,David José Meneses Camacho,+573073287059,davidjosémenesescamacho@yahoo.com,
8877862,Diego Castellanos,882 70 69,diegocastellanos@yahoo.com,
4226493,Yazmín Yolanda Montoya Sánchez,573012925587,yazmínyolandamontoyasánchez@gmail.com,
2310705,María Morales,(+57) 314 828 30 51,maríamorales@yahoo.com,
69198653,José Quintero Hernández,573092962889,joséquinterohernández@gmail.com,
87831090,Leonardo Ramos Osorio,608 562 03 16,leonardoramososorio@hotmail.com,
3531873,Hernán Yecid Córdoba Gallego,3099385881,hernányecidcórdobagallego@hotmail.com,1138608970
1067731,Javier César Martínez Rodríguez,(+57) 312 484 84 93,javiercésarmartínezrodríguez@yahoo.com,
1046518530,Amparo Inés Peña Ortiz,57 607 999 36 19,amparoinéspeñaortiz@hotmail.com,
1060895266,Patricia Ana Jaramillo,576073419843,patriciaanajaramillo@hotmail.com,
1057495753,Octavio Carlos Hernández,4485887,octaviocarloshernández@hotmail.com,
1225097005,Santiago González Montoya,+57 303 140 47 02,santiagogonzálezmontoya@gmail.com,19842201
1045604235,María Forero,(+57) 322 821 52 10,maríaforero@gmail.com,
1145474492,Eduardo Hernando Pabón Castro,7831162,eduardohernandopabóncastro@yahoo.com,
7422736,Óscar Alberto Polo Alarcón,(+57) 313 398 29 02,óscaralbertopoloalarcón@hotmail.com,
1030398305,José Villamil Vanegas,+57 602 416 69 97,josévillamilvanegas@yahoo.com,
1156717110,Karol María Bolaños González,018009648300,karolmaríabolañosgonzález@yahoo.com,
4201682,Francisco Javier Rodríguez,300 918 73 86,franciscojavierrodríguez@gmail.com,
7130210,Vanessa Ángela Osorio Durán,+573143963211,vanessaángelaosoriodurán@hotmail.com,
1030429929,María Alba González Mercado,6677697,maríaalbagonzálezmercado@yahoo.com,
1092741427,Elvia María Álvarez,573027868476,elviamaríaálvarez@hotmail.com,
1249100250,Iván Jesús Rincón Jiménez,(+57) 607 476 90 59,ivánjesúsrincónjiménez@hotmail.com,
15598209,Camila Gilma Guzmán,171 87 16,camilagilmaguzmán@hotmail.com,1088240175
7439629,Wilfrido Carrillo,573287956367,wilfridocarrillo@gmail.com,
3054711,Leonardo Restrepo Sarmiento,57 300 509 03 74,leonardorestreposarmiento@gmail.com,
1107637316,Ángela Milena Osorio,01 8004 050 980,ángelamilenaosorio@gmail.com,
1021896831,Jaider Flórez Pineda,+573290236235,jaiderflórezpineda@gmail.com,
4621030,Juana Liliana Bedoya Murcia,01 8000 826 351,juanalilianabedoyamurcia@gmail.com,
1164038548,Héctor Galeano,018005204994,héctorgaleano@yahoo.com,
1010825,Andrea Castillo Escobar,3176483011,andreacastilloescobar@gmail.com,
1085450286,Juliana Rodríguez Rojas,+57 606 236 75 41,julianarodríguezrojas@yahoo.com,
1166155366,Carlos Robert Arias Ortega,573055577256,carlosrobertariasortega@hotmail.com,
5971577,David Antonio Puentes,319 478 21 39,davidantoniopuentes@yahoo.com,
1086194664,Juan García,57 321 435 31 30,juangarcía@hotmail.com,
5315757,Wilson Muñoz,+57 307 386 62 50,wilsonmuñoz@hotmail.com,24377897
1065582830,Jhon Díaz,57 322 952 78 50,jhondíaz@yahoo.com,
1077094965,Vicente Steven Torres,+573211224040,vicentesteventorres@hotmail.com,
1211315508,Enrique Jair Herrera,3180190465,enriquejairherrera@hotmail.com,
15443102,Virginia Leidy Duque,514 54 96,virginialeidyduque@hotmail.com,1161517479
7383960,Luis Escobar Meneses,(+57) 324 820 21 07,luisescobarmeneses@gmail.com,7946993
1187448,Alba Guzmán Caicedo,(+57)6083066485,albaguzmáncaicedo@yahoo.com,
1063936081,Laura Rosa Jiménez Pinzón,(+57) 308 689 28 52,laurarosajiménezpinzón@gmail.com,
89139789,Luis Barreto Cano,+573110636709,luisbarretocano@hotmail.com,
9262275,Isabel Corredor,57 325 426 21 28,isabelcorredor@yahoo.com,1179364428
1166805285,Erika Mariana Ayala,3240729367,erikamarianaayala@yahoo.com,
2046721,María López,2335512,maríalópez@yahoo.com,
1071589100,Milena Sandra Pacheco,309 154 29 28,milenasandrapacheco@yahoo.com,
17689007,Sandra Castro,+57 606 547 55 31,sandracastro@gmail.com,
33466410,Gloria Diana Córdoba Medina,57 316 471 28 08,gloriadianacórdobamedina@hotmail.com,6387599
7289729,Enith Córdoba Ríos,605 950 95 16,enithcórdobaríos@hotmail.com,
66067022,Edgar Javier Cruz,57 326 968 47 87,edgarjaviercruz@gmail.com,
1274936892,Juan Soto Rodríguez,573192981823,juansotorodríguez@yahoo.com,
1060125191,Enrique Jesús Martínez Sánchez,573177445171,enriquejesúsmartínezsánchez@yahoo.com,
1221346587,Emilio Camilo Díaz Serna,305 860 84 86,emiliocamilodíazserna@yahoo.com,
1169846893,Flor Torres,+573077538836,flortorres@gmail.com,
86587215,Johana Elizabeth Zapata,606 414 61 56,johanaelizabethzapata@hotmail.com,
1187116400,Albeiro Eduardo Villa,57 327 963 88 62,albeiroeduardovilla@yahoo.com,
